,Tweet index,Label,Tweet text
0,1,0,<USER> Can U Help?||More conservatives needed on #TSU + get paid 4 posting stuff like this!||YOU $ can go to <URL>
1,2,1,"Just walked in to #Starbucks and asked for a ""tall blonde"" Hahahaha #irony"
2,3,0,#NOT GONNA WIN <URL>
3,4,0,<USER> He is exactly that sort of person. Weirdo!
4,5,1,So much #sarcasm at work mate 10/10 #boring 100% #dead mate full on #shit absolutely #sleeping mate can't handle the #sarcasm
5,6,0,Corny jokes are my absolute favorite
6,7,1,"People complain about my backround pic and all I feel is like ""hey don't blame me, Albert E might have spoken those words"" #sarcasm #life"
7,8,0,"<USER> <USER> Darn, my sock joke needs fixing?"
8,9,0,"if Christian expects Fifa to sleep in my bed with me tonight, he's wrong ::angry_face_with_horns::"
9,10,1,"People who tell people with anxiety to ""just stop worrying about it"" are my favorite kind of people #not #educateyourself"
10,11,0,Most important thing I've learned in school <URL>
11,12,0,#OrionLaunch underway - yeah! #Orion <URL>
12,13,1,I love context and large ensemble Fridays!!!!! Der my most favourite #Sarcasm #GetTheFuckOut
13,14,0,Oh boy... <USER> in the house. Warm up the DJ booth <USER>
14,15,0,"LIAR, i've never denied the 532 murders in Chicago in 2012 <USER> <USER> <USER> <USER> <USER>"
15,16,0,"Always classy, never trashy and just a little sassy."
16,17,0,"you believe you can say something, provide no proof and its a fact, WRONG <USER> <USER>"
17,18,0,<USER> #Not #Long To Go #Before #MainStream #Media #Pitch. #Surgery #follows #with #me #using #Prototype #demonstrating #real #situation.Phil
18,19,0,<USER> Re: Jamie Grace has Tourette's? Thanks for sharing. I'm about to research her & post my tribute to this Young lady Gospel singer
19,20,1,<USER> Guess they didn't get the memo reg non-nuclear Baltic sea #sarcasm
20,21,1,Exam na jud. Merry christmas. ||#Sarcasm|#KillUsSlowly
21,22,1,The definition of #IRONY would be if a 77-year-old rapper went #viral and took #BITCOIN mainstream. Maybe only way #babyboomers will buy in.
22,23,1,Pretty excited about how you gave up on me. File Under: #sarcasm
23,24,1,Who told the #hipsters that #irony was a thing of the Clinton years? Do they not carry history books in used bookstores in #brooklyn ?
24,25,0,<USER> u know that. How u doing??
25,26,1,<USER> hmm... let me think about that #sarcasm
26,27,1,"If you wanna look like a badass, have drama on social media #not"
27,28,1,How dare Charles Barkley have an intelligent conversation about race. #sarcasm #CharlesBarkley
28,29,0,"<USER> I think the general rule is, if it's open all night, pull an all-nighter."
29,30,0,Natalie Prass - Bird of Prey: <URL> via <USER>
30,31,0,Nooooooooooo again it's on!!! #PickANewSong #CantStandIt
31,32,1,"Being a hipster now is so mainstream. Oh, the irony. #hipster #irony"
32,33,0,<USER> exactly and we are fighting like animals
33,34,0,<URL> #TeenAnalCasting #Top Top 50 Christian Songs For 2012
34,35,0,The girls on #SororitySisters thought they'd get rich and famous but instead they be like... <URL>
35,36,0,"Speaking of #country #music albums, anyone else think #SundownHeavenTown feels more like a #TimMcGraw album than, say, his previous three?"
36,37,0,<URL> #TeenAnalCasting #Sex Sex and the City 2 Movie Casting Auditions NYC Summer 2009
37,38,0,"season 6 episode 3 carries outfit, simple & chic ::OK_hand:: <URL>"
38,39,1,Well got the truck buried today perfect way to start a rainy Wednesday work day off #not #annoyed #pissed
39,40,1,"On the train and surrounded by posh people, I'm so at home! #not #stickoutlikeasorethumb"
40,41,1,Stupid #doctors visits is gonna bury me!! Now that's #irony
41,42,1,"Love the way <USER> says fault from last night will be fixed by 4pm, only to see a man in a van pull up at 4pm to fix the fault #irony"
42,43,1,Planning a vacation instead of studying.... My priorities are in line. #NOT
43,44,0,Dan said he's going to have a sign for me at the airport when I fly in lol #SoCute #3MoreWeeks
44,45,1,You decide to go on vacation without me sleep? Reaaaal nice. #considerate #not ::unamused_face::::ZZZ::
45,46,0,<USER> No sugar during christmas time? :(
46,47,1,Can't wait to have an afternoon schedule because of you. It's gonna be so much fun #not
47,48,1,<USER> 180 dead on 26/11 n more than 10k our ppl killed in terror attacks till date but not 1 paki show sympathy 2 them #irony
48,49,0,the ONLY time a crime becomes a federal crime <USER> <USER> <USER> <USER> <USER> <USER>
49,50,0,this music is for the people and not for the money. peace and love. <URL> #KINGLIFE
50,51,1,Rangers league game with Alloa moved because of the Petrofac Cup final in April... #irony
51,52,0,How to Find a Life Coach (& the questions you need to ask before hiring one) <URL> via> <USER>
52,53,0,I wonder what was the holiday rituals for true Africans
53,54,1,Been at the ER now since 10... #yay #not
54,55,0,<USER> Suhs been clean for 2 years and has only been in the league for five don't act like he was dirty for 10 years#not biased my ass
55,56,0,"<USER> <USER> thank you studs for perfecting and teaching my bench, respectively. Props on form from lifters in AL. #DYEL"
56,57,0,Haley approves of her new hammock ::mouse_face:: #ratsofinstagram <URL>
57,58,1,"30 years on, people still haven't got justice they deserve. #BhopalGasTragedy Yet another brilliant job done by the Americans #sarcasm"
58,59,0,"Pips who drop out of school n have Kirya as 'eir role model tht ey wana sing too..guy spix Portuguese,French,english...#Not a school dropout"
59,60,0,Free Pets and Animals Books #freebiebookdownload <URL> #Pets
60,61,0,<USER> There will be no next employer in NFL for Trestman. He was a disgraceful hire and never stood a chance.
61,62,1,Loooovvveeeeeee when my phone gets wiped -.- #not
62,63,1,Painting all cops with a broad brush because of the actions of a few is the same logic racists use. #Irony
63,64,1,Don't know if I can handle this crazy 11-2 shift. It's so long I might pass out on the job! #sarcasm
64,65,1,I just love being ignored::smiling_face_with_smiling_eyes::|#not::unamused_face::
65,66,1,"#Irony RT <USER>: If you're going to give someone a scathing, 1-Star review for poor grammar, FFS use proper grammar."
66,67,1,Produce Mobile Apps #not <URL> <URL>
67,68,1,Decide that you want it more than you are afraid of it. -Bill Cosby|#irony
68,69,0,"Finally finished the first season of #VeronicaMars. Move over, #CliffHuxtable. Keith Mars is the new sheriff--er, ultimate #TV dad--in town."
69,70,0,Merry Christmas to all those soldiers out there that couldn't make it home! I love you all ::red_heart::
70,71,0,About as relevant as Michael Sam and Jason Collins. RT <USER>: Major League Baseball umpire Dale Scott comes out as gay.
71,72,0,Getting Final Jeopardy correct on Kids Jeopardy boosts my self-esteem
72,73,1,itsfunny bc people think im quiet|but im just listening toeveryones convos|and figuring out ur weaknesses|todestroy u later in life #sarcasm
73,74,0,"Woke Up , showered , made a lunch and got ready for work only to realize that I have the whole weekend off. ::grinning_face_with_sweat::"
74,75,0,<USER> <USER> <USER> <USER> <USER> How many of those jobs earn #middleclass wages? #Economics #Math #Z
75,76,1,I reckon straight women fancy victoria secret models more than straight men do #victoriasecret #irony
76,77,0,Incredible insight on the <USER> #bornrisky campaign: <URL> #amputee #movement #equality #art #prosthetics
77,78,0,Love #hiphop mix tapes or have a mixtape to promote check out <URL> follow them on twitter #undergroundhiphop
78,79,0,"Extended cut ""NICHA"" <URL> #trailer #spoof #film #dramatic #action #film2014 #youtube #fightscenes"
79,80,0,<USER> Stunning work. #british #textiles #footwear #madeinbritain #not-a-nike-clone
80,81,0,<USER> <USER> Sent it but too slow. I had already posted.
81,82,0,#FEMALECONDOM #anally #vaginally #prevent STD's/HIV/pregnancy #latex #free #NOT #Restrictive/tight #women/gay men <URL>
82,83,0,Little cutie #Chico #Dog #Doggy #Puppy #Sweet #Cute #UK #Black #Biscuit #Not #Mine #Mini #Miss #My <URL>
83,84,1,<USER> Niagra Falls tho... Really? #irony #LOL
84,85,1,"If we win against Poland and Scotland, does that put us 65th in the world rankings. <USER> <USER> #Sarcasm"
85,86,0,#Myanmar #men #plead #not #guilty to #murder of #British #tourists. <URL> via <USER>
86,87,1,"Since the tribunal was established 14 years ago, no complaint against the intelligence services has ever been upheld. #trustthesystem #not"
87,88,1,<USER>: Garner protesters chant 'F*ck Fox News' despite Fox agreeing with them <URL> #EricGarner #Irony
88,89,0,"<USER> After 1989, why did NATO need to expand?"
89,90,1,The #Irony of playing this song on my way to #work |#NoMoney #PartTimeCooks blackmossptc thanks for... <URL>
90,91,0,You are taking your responsibilities so seriously today that i... More for Leo <URL>
91,92,1,<USER> <USER> <USER> <USER> <USER> we get it right for business the trickle down fairy will do the rest #NOT
92,93,0,can you not understand that not EVERYTHING is about the President? <USER> <USER> <USER> <USER>
93,94,1,When you're in the doctors waiting room and hear a baby in the back screaming her lungs out is always a reassuring feeling #not
94,95,1,"Well now the festive season has begun, let's take a moment to reflect on how much more royalties Slade and Wizard will get #sarcasm"
95,96,0,"The last day of the year and I will be tweeting on my major highpoints of the year ...good, bad and ugly"
96,97,0,MB forgot to move the elf on shelf and now 10 is asking me if Christmas is real. ::sad_but_relieved_face::<USER>
97,98,0,"<USER> happy new year, da! Thanks sobra for this year ::thumbs_up::::thumbs_up::"
98,99,0,WATCH: #Megatron from #Transformers Rant About Social Media <URL> #Irony
99,100,0,<USER> <USER> #not #working when are we able to download games we paid in good faith? #psn start working again? <URL>
100,101,1,I just wrote a 13 page paper... I was awfully tired when I was writing it and now I can't sleep. #irony
101,102,0,<USER> happy birthday Skip! We will always love you! #Phillies #legend
102,103,0,"or a trout, or northern pike|<USER> <USER> <USER> <USER> <USER>"
103,104,0,One of my favorite things to do is to make people wonder...it was completely unintentional but buying Bogs mud boots in a dress will do it
104,105,0,"Watching Sanjay, <USER> ... Getting the start vs. Butler and liking what I see! #Minny"
105,106,1,There's no better way to start the week than to get your wisdom teeth taken out at 8 am!!! #not ::smiling_face::::smiling_face_with_smiling_eyes::::flushed_face::
106,107,1,The most exciting way to start a Friday: a presentation on structurally deficient bridges. #sarcasm #lobbyinglife
107,108,0,New shirt #new #shirt #im #sorry #its #just #i #literally #do #not #care #at #all <URL>
108,109,0,<USER> <USER> <USER> It wasn't for one person. It was a business expense.
109,110,0,HAHAHAHA!! Oops.......I'm addicted to <USER> Tweets sooo FUNNY! You Got to follow him for #HILARIOUS #SARCASM #tweets #RT.
110,111,0,<USER> <USER> <USER> absolutely loved it! Well done all involved!
111,112,0,"<USER> That was the case, not the recording.So comparing the two is apple & oranges."
112,113,0,Wow...lol||Need cash in your hands today? Go to <URL> #not #wun #not #mca... <URL>
113,114,0,At least I don't have to clean the floor
114,115,1,Incidentally the foreword for movie #BhopalAPrayerForRain is by Subroto Roy Sahara - saying - justice delayed is justice denied. #Irony
115,116,1,<USER> Our 3 losses followed bye weeks & an FCS team. Do we get rid of those next year? #sarcasm
116,117,0,#AskSuperwomanLIVE if you could swim in any liquid besides water what would you swim in?<USER> |4
117,118,0,One of the most embarrassing losses <USER> Ever. #WTF
118,119,0,<USER> untrue - its Cutler's fault
119,120,1,#Malala Yousufzai receives #NobelPeacePrize and #Pakistan ranks in top 10 dangerous countries !!! #irony
120,121,0,<URL> #Not so Ugly Christmas Sweater red with red snowflakes & sequins cardigan 1X XL <URL>
121,122,1,Testing water temperatures #excitingtimes #Not
122,123,1,Waking up with your cat attacking your hand is always delightful..... #not
123,124,0,"May not have hung out with you as much as some people, but every time we did it was a blast! You... <URL>"
124,125,0,<USER> the #USA is #NOT a #Democracy. The #USA is a #Republic from of #Goverment! Do you #Know #what the #Pledge of #Allegiance say's?
125,126,1,I blame my mom. Mother of the Year #sarcasm
126,127,1,Pulling my books out to prepare to organize my new bookshelves caused me to forget to bring my book today. #irony
127,128,0,"<USER> <USER> To be fair, you didn't use the mandatory #sarcasm hashtag :P"
128,129,0,"'I like the hope Jan Ellis writes with, the precision of the prose, and also the #humour and #irony she brings.' <URL>"
129,130,0,Girls just wanna have fun#work#not#friends#only#dance#drinks#antennagrouprocks by mariag... <URL> <URL>
130,131,1,"The Bay Area storm is so big that tons of people's work was canceled today, causing me to be early to mine. #irony #stormageddon"
131,132,0,<USER> I'm from the UK and I honestly think your a goddess! I love how you speak your mind but have a gentle side. #love #PattiKnows
132,133,1,Leaving whilst its dark is fun. #not
133,134,0,<USER> please note #sarcasm in last tweet before you kill yourself ;) many good pros including <USER> can show you best usage
134,135,0,<USER> my mum to be back with us for Xmas ::Christmas_tree::
135,136,1,"<USER> Even though <USER>'s got more ex-wives than <USER> majors, I'm happy for that washed-up mess... #Not!! #Blocked"
136,137,0,<USER> Ucan MAKE MONEY #TWEETING this info w/ new app||<URL> <-News ||<URL> <URL>
137,138,0,Take me tooooo church #not
138,139,1,"A 'republican move' which will 'effectively rob the royals'. Kate's spending 32k on1meal, who is being robbed? #irony <URL>"
139,140,1,#obama <USER> announce special urgent package for #Pakistan .. supported by <USER> to enhance their fight against obscurantists. #NOT
140,141,0,<USER> Shirota Yu and... Inoue Yoshio? He was in Mozart! apparently.
141,142,0,"Looking for quality music check> <USER> hot record ""What About"" <URL>"
142,143,1,"how is it possible that somebody so interesting is also so, so, so boring? #irony #what"
143,144,0,"<USER> Not going this time, we might have a chance! Fool me once, shame on you, fool me twice..... #fuckthat"
144,145,0,<USER> Minky Wale tail fritter for price of a bijoux flat in Port Talbot.
145,146,1,".<USER> is the first to cut to ads during primetime to proudly announce that they're ""putting journalism first"". #Irony #NLprimetime"
146,147,1,".<USER> @/RBRNetwork1 <USER> <USER> I think it's your white skin. Or ""racist DNA"". He's a geneticist too, did ya know? #not"
147,148,0,#hi #good #morning #instadaily #snapchat #selfie #comment # #sleep #do #not #wake #up @ Happy <URL>
148,149,0,I JUST WANT TO BE DONE WITH FINALS #4hoursleft
149,150,0,"1 bed flat #ToLet £550 pcm (£127 pw)|Humphrey Middlemore Drive, Harborne, #Birmingham B17|<URL>"
150,151,1,So there used to be a crossfit place here.... #irony #pizzawins <URL>
151,152,0,When I start singing songs from Once More With Feeling to myself while at work... #Buffymusical #stuckinmyhead
152,153,0,"I'm heading off, but need to say this! ""Just because I am concerned for my country, and it's people-Does #NOT make me a racist! #Terrorists"
153,154,0,Work hard in silence; let success make the noise.
154,155,0,<USER> <USER> now what has he said/done??
155,156,1,Watching Alison Jackson's portfolio of work #eurobest2014 seems she's cracked it. Celebrity + stunt = #viral #sarcasm
156,157,1,Spending the majority of my day in and out of the doctor has been awesome. #sarcasm
157,158,0,<USER> - p.s. strong tweet. particularly Horatio's involvement in the matters #bloodlinecontinues xxx
158,159,1,<USER> #spnews #yxe I hope you weren't driving when you took that picture. #irony
159,160,0,My beautiful Belles #3daughters#lucky #me #havefun @ Wicklow ::foggy:: <URL>
160,161,1,"<USER> Yeah thanks for messing me about and then not delivering on the product, i feel really great about how this went down!! #Not #Thanks"
161,162,0,"<USER> aha, but white girl drinks make me 'so so cray tipsy'"
162,163,0,This is definitely me! ::beaming_face_with_smiling_eyes::|#me #sarcastic #sarcasm #ecards #ecard #somecard #tease #funny #lol... <URL>
163,164,1,Christmas alone::smiling_face_with_smiling_eyes:: how nice #not
164,165,1,work Wednesday-Sunday .. #yay #not #moneytho ::weary_face::::loudly_crying_face::::money_bag::::unamused_face::
165,166,1,<USER>: Gavy is one rude motherfucker. *Subtweets me* *Calls me a motherfucker* #Irony
166,167,0,"Access to housing is not a fundamental human right, according to Ontario courts: <URL> #onpoli #TOpoli #cdnpoli"
167,168,1,"<USER>: Been friendzoned too many times in my life, the perks of being the good guy #Sarcasm #Lifeall my life this has happened"
168,169,1,<USER>: You want to see something Irish!!Of all the reasons to be closed ::face_with_tears_of_joy::::face_with_tears_of_joy::::face_with_tears_of_joy:: <URL> #irony
169,170,0,And then my sister should be home from college by time I get home from babysitting. And it's payday. THIS IS A GOOD FRIDAY
170,171,0,"Oh dear, some people don't get #irony ::flushed_face::"
171,172,1,Yay for Fire Alarms at 3AM #not
172,173,1,"I just drank a healthy, homemade, all fruit smoothie...in a <USER> beer glass. #irony"
173,174,1,Should I buy these? And become a full time hipster? Lol! #NOT..... <URL>
174,175,1,Just paid $2.59 for gas! #ThanksObama #sarcasm
175,176,0,You are most welcome! Loved the post :D <USER>
176,177,0,Can't take my eyes off you|<URL> via <USER>
177,178,1,I am so ready for Monday. ::person_gesturing_OK:: #sarcasm
178,179,0,<USER> rollins was so pissed off haha
179,180,0,<USER> I do love a chilled night in. Saves having a hangover to::face_with_tears_of_joy:: thank you hun X
180,181,1,<USER> if it got the attention of the smartass to comment that.. Didnt it work anyway?? #irony
181,182,1,When you're sick and you feel bad for your cells cause they're fighting hard for you. #blessed #appreciative #sarcasm #kinda
182,183,0,Does this look properly #shaded?? I think #not :-(|#shading #techniques #cube #3d #view #learning #damn I #suck #Sob! <URL>
183,184,0,Company profile FORGET ME NOT PET CEMETERY - <URL> #FORGET #ME #NOT #PET #CEMETERY
184,185,0,<USER> guys!!! you've just smashed it!! #WhereDoBrokenHeartsGo #XFactorFinal
185,186,0,i wanna be at home already
186,187,0,Just realized my last final is tomorrow. FAAAAA-
187,188,1,<USER> <USER> <USER> <USER> <USER> Christian Europe translated Islamic manuscripts #Irony <URL>
188,189,1,Aaaaaand now I've found out that Chrome slows down downloads when the screen saver activates. Just makes me love it more #sarcasm
189,190,0,The fact that this time next week I'll be getting my wisdom teeth out ::confounded_face::::speak-no-evil_monkey:: #chipmunk
190,191,1,<USER> Way to lay out yesterday and put it all on the line #GoodLeader #Sarcasm
191,192,0,Two years later & gingerbread house making still makes me cry.
192,193,1,Amar Singh gives A+ rating to the Modi govt but Arun #Shourie says more is said than done in present govt #Irony #Politics
193,194,1,<USER> <USER> <USER> |Thats a twist|Algorithms to cause more congestion & increase pollution|Too bizarre to be true #not
194,195,0,<USER> #sarcasm is a service I offer.
195,196,0,<URL> #PhatSexyAss #Picnic Picnic Porked Tiffany
196,197,1,I'm absolutely positive that Coaches love it when parents tell them how to coach and run their program. #sarcasm #NOT #sticktoparenting
197,198,0,Nice touch. All the bar staff in the ground wearing #saintsfc t shirts
198,199,1,<USER> trust me it will be out of form Scandinavian reef again to. <USER> do love <USER> I see::unamused_face::::see-no-evil_monkey:: #irony #FCBarcelona #mcfc
199,200,1,i literally love when someone throw me in at the deep end #irony #tough #life
200,201,0,"Agree with that... #we #are #not #mind #readers #haha||#Repost 9gag ⁰You may think we are, but we are... <URL>"
201,202,0,Day ninth December to have a pint at the boars head|#not really still in bed ::smiling_face_with_smiling_eyes:: <URL>
202,203,0,Speed cameras in Whipton by village shops. & yes it Takes 5 police officers!! ::oncoming_police_car:: #waste #of #money #does #not #take #five #individuals ::face_with_tears_of_joy::::police_car_light::::police_car::
203,204,1,Picked an excellent day to get my hair done ::unamused_face:: #sarcasm
204,205,0,<USER> his daughter is painting his toes! That is a parenting WIN in my book.
205,206,0,Can't say no to that <USER> try now. Lets go <USER> we can do this #COYQ
206,207,0,"ABC Takes A Look At ""The Turkey Song"" by <USER> - Make It A Classic #Thanksgiving - <URL>"
207,208,1,Waking up with a pounding headache is just what I need for this final #sarcasm
208,209,0,Can always count on you to speak to me on here then delete the messages so It looks like I'm talking to myself. ::unamused_face:: <USER>
209,210,0,Stop by and pick up Alexandra's book with a coupon! <URL>
210,211,0,<USER> I swear we must be twins
211,212,0,Some days are just better than others..
212,213,0,"After getting a total of 4 hours of sleep in 2 days, I FINALLY got good sleep last night::beaming_face_with_smiling_eyes::"
213,214,0,"Her name is not Superwoman, Wonder Woman, nor Dorothy from the Wizard of Oz. Women of Excellence <URL>"
214,215,1,I didn't realize Boston Coach also operated in Chicago #irony #brands
215,216,0,"<USER> and that ""somebody"" thought you were Padoin sister LoL !!! #SarcasmFail"
216,217,0,Once again <USER> is re writing history re: #CubaEmbargo ! *primal scream* #tcot
217,218,0,"Wow: Look what the NFL Rams player who did ""Hands Up, Don't Shoot"" pose has been arrested for | <URL> via <USER> #ferguson"
218,219,1,Someone needs to stop me before I kill someone ::enraged_face:: love waking up in the worst fcking mood #Not
219,220,1,What to do with that old #motherboard you have laying around. #NOT <URL> #guitarpicks
220,221,0,Joe Cole just casually walking past...
221,222,0,Am I the only one who finds it very stressful when the #OrionLaunch feed keeps buffering...?!
222,223,1,<USER> No ... now someone will start a rumor of $ABBV pricing their HCV drug same or higher than $GILD #sarcasm
223,224,0,Never seen the gym so packed
224,225,0,::red_question_mark::::red_question_mark::GOT MENTIONS ::red_question_mark::::red_question_mark::||#MGWV #AutoFollow #RETWEET #RTMUZZA #TEAMFOLLOWBACK #TFBJP #500aday #RT2GAIN ||::fast-forward_button:: <USER> ::fast_reverse_button::| |WHOS WANTS TO BE NEXT?
225,226,0,Remember to raise a glass of merry to those who are at work keeping the world safe on Christmas ::globe_showing_Americas::::Christmas_tree::::globe_showing_Asia-Australia::::Santa_Claus::::globe_showing_Europe-Africa::::snowflake::|::ambulance::::fire_engine::::police_car::::helicopter::::ship:: #essentialservice
226,227,0,"Wishing everyone a Happy, Healthy, and Prosperous New Year!!!"
227,228,1,"<USER> <USER> <USER> Yes, and conventional taxis drive verrrry safely. #pfft #sarcasm"
228,229,1,"Just ranted on and the moment I'm about to hit send, my ipod just died. #greatmorning #NOT"
229,230,0,30 week scan #not #long #now #exciting #memory #all #good #happy #clear #baby #boy @ Portlaoise... <URL>
230,231,0,<USER> Obama and Hillary convinced Ukraine that they would protect them if they essentially disarm. Need to keep at least one promise.
231,232,1,i just enjoy throwing up #not #hatethis #sick #wanna #go #to #school #for #once #take #me #away
232,233,1,<USER> I actually think he needs to use the youngsters in this reincarnation #irony
233,234,1,What a golden morning. ::unamused_face:: #not
234,235,0,Sleep. SLEEP YOU STUPID IDIOT I WANNA LEAVE MY ROOM
235,236,0,LIBERAL/#LEFTISTS USE #RACIST/SEXIST #LABEL FOR |#DISLIKES|MSNBC host Ed Schultz said RACIST #NOT to SUPPORT demand for #MINIMUM WAGE|#SAD
236,237,0,Read at <URL> the news '#Obama: #The #American #way #of #life #is #not #a #gift'
237,238,0,Really missing my momma today.. More than usual. I don't think today will be a good day
238,239,0,"<USER> Nevermind that, but do pray tell,would Scherzy still play Grizabella?"
239,240,1,Everyone wants the truth but nobody wants to be honest... #irony
240,241,0,I won't be surprised if shelling across pak border intensifies during Delhi Elections to change issues of election's. <URL>
241,242,0,Every inch of you is perfect from the bottom to the top UNLESS YOU'RE SKINNY #Shade #Sarcasm #TheMoreYouKnow
242,243,0,Take a look at those calves!!! ::smiling_face_with_sunglasses::::smiling_face_with_sunglasses::::face_with_tears_of_joy::::face_with_tears_of_joy:: ladies love the calves! #not #about #the #arms #its #about... <URL>
243,244,0,<USER> your tongue in cheek <USER> weigh in does nothing but instigate breed specific hate. Stick to reporting on tuques. #yyj
244,245,1,"<USER>: You think my mom and I would get along better, she's a middle child too. #irony #middlechildsyndrome"
245,246,1,"Isn't this blaming the victim? #sarcasm RT <USER> Every year, 600K college students are injured while drunk. <URL>"
246,247,1,that time when ward was mad because skye hide a secret from him #irony #skyeward #AgentsofSHIELD <URL>
247,248,1,"While we applauded ourselves on getting to the Moon, Carl Sagan spoke a truth we all denied.|#irony <URL>"
248,249,0,Can holidays last forever?? #happytimes #sundayout #mewearing #wyoustores #elenawearswyou #chanelboybag #chanel... <URL>
249,250,0,Watching <USER> trich vlogs helps me alot with my trich condition !! ::smiling_face::::two_hearts::
250,251,0,Photo: Orchid Tassel Chain Mermaid Dress $39.99 Onesize Leave email for invoice <URL>
251,252,0,<USER> this game is pathetic. How are they losing this game?
252,253,0,bromanceshmomance: #I just checked and he has zero#ZERO#mentions asking if Louis was there#NONE#NADA#not... <URL>
253,254,1,Being a light sleeper is the best. #not
254,255,0,schools in India praying for # #peshawarattack victims #PrayForPakistan ... <URL>
255,256,0,The only company I thought would be best for the thesis is unfortunately taken already... a year ago..
256,257,0,<USER> not worried about it. Whenevs ::winking_face::
257,258,0,<USER> <USER> #not enough; unfortunately.
258,259,0,<USER> . #please email me captainpc<USER>.com or contact through DM myself or <USER> . #I #have #DM #Address #details #but #not#had#reply
259,260,1,<USER> hahaha yeah I think so too cause you know how she loves her with all her heart ::face_with_tears_of_joy::::face_with_tears_of_joy::::face_with_tears_of_joy::.... #NOT ::water_pistol::.
260,261,0,"It's really #NOT #GOOD, too have the #REPUTATION for STEALING FROM GIRLS. <USER> & Mr. MASON,..expect a call,..(;"
261,262,0,"we need to stop using the words ""racist"" & ""racism"" <USER> <USER> <USER> <USER> <USER> <USER>"
262,263,0,<USER> <USER> Probably my favourite book. Couldn't put it down. 5Stars!
263,264,0,From what I can tell...most strippers belong right where they are #nocollegeneeded #adamsmith #specialization #strippers
264,265,1,"<USER> dualistic, as in good and evil? Right, because that doesn't apply to the real world.... #sarcasm #OrcsLive"
265,266,1,#Consensus of Absolute Hilarious #Irony – #MichaelMann to lecture on #Professional #Ethics for #Climate #Scientists? <URL>
266,267,0,5 dollar OBX 1 dollar Gboro gone #lockitin #lottoclub #bankopen #doumenturdeposit#not criminal <URL>
267,268,1,I may or may not have put <USER> at the top of <USER> tree soon as he likes Christmas time... #Sarcasm <URL>
268,269,0,"Regarding my #ATT case; I've contacted the BBB, FCC, and my States Attorney General. next... #WFAA #not #stopping"
269,270,0,Acronyms because we're cool as fuck. Judge me. <URL>
270,271,0,Only a true nightshift person would understand this #nightshift #hardcore #teamwork #not #always... <URL>
271,272,0,"actually, it wasnt, it was purely economics <USER> <USER> <USER> <USER> <USER> <USER> <USER>"
272,273,1,Sunday is such a fun day to study #not #ew #saywhat
273,274,1,Reunited with my pump this morning. #yay #not ::persevering_face::
274,275,1,"My dad's still gonna get me santa's gifts since it's my last year before 18, but I really don't know what to ask for... #irony"
275,276,1,Remember that one time I worked both jobs while sick and it didnt suck at all... #sarcasm #notworthit
276,277,0,I'm really excited for next semester
277,278,0,"<USER> <USER> Actually, even delivery won't save some. O voted to let born alive die. Also, look up ""4th trimester abortions""."
278,279,0,good luck finding someone to take the other side of that bet LOL <USER>
279,280,1,It is good that very few businesses/govts in EM economies have borrowed much via dollar-denominated loans from international banks. #Sarcasm
280,281,0,<USER>: ::raising_hands::::raising_hands:: <URL> #fitfam #fitness #health
281,282,0,GTA #San #Andreas #2 #is #not #coming #in #2015: One media has released that GTA San Andreas 2 is coming in 2015... <URL>
282,283,1,What a great way to start the day!! #Not ::angry_face::
283,284,0,<USER> I wonder what % of that 43% agree on what a private cloud is
284,285,0,If i were to ask. I want to stay here for as long as possible..|#thinking
285,286,1,<USER> <USER> <USER> Just wait till Cleveland comes again! #sarcasm
286,287,1,"'Liberated' Iraq -- 2014 One of Bloodiest Years with More than 36,000 Victims: <URL> Thank you, Western liberators #sarcasm"
287,288,0,<USER> one hope this gets a RT! #recycling #roses #holly #wreath #MerryChristmas <URL>
288,289,0,"<USER>: Tag a teammate who is so bad, he runs the line every week. <URL> I'm sorry to say it's <USER>"
289,290,0,<USER> easiest CL group with two rubbish teams but we won only 1 CL game - even that lucky last minute pen#not good enough#gutted
290,291,1,No one up? Okay cool #not
291,292,0,#np #NowPlaying #NowListening #Music #Don't Let Her Pull You Down by #New Found Glory from the #album: #Not With... <URL>
292,293,1,"Here we go again, thanks to all that claim to cover WVHS hoop #NOT|Highlanders beat Parkersburg 76-75 on last second shot by <USER>"
293,294,0,Long day and its not going to be possible without my good friend #coffee
294,295,1,Just loveeee driving upstate in the snow #not
295,296,0,"If you know people who could talk power-dressing and social media marketing, please let me know. Thanks"
296,297,1,I love getting up at 4 30 so I can wait on other ppl! #sarcasm
297,298,0,"Faux Leather Size Zipper Sleeveless Scoop Back Midi Dress|Size:s, m, l|Price:$39.99|Leave email for... <URL>"
298,299,1,and as much as I want to connect .. I like only the people who dont want to .. #Irony #Why oh why?
299,300,0,<USER> I saw a leaf blowing in the breeze. You could yell at that if you wanted to?
300,301,1,<USER> hold on a minute. Are you saying All blonde white women look the same?? #sarcasm
301,302,1,<USER> Gotta love those racially based awards! #not
302,303,0,"The best love is the kind that awakens the soul, and makes us reach for more...::sparkling_heart::"
303,304,1,clashupdate #not <URL>
304,305,0,<USER>: Super Junior's Henry asks sasaeng fans to let him sleep|<URL> <URL> Henry oppa >^<
305,306,0,I have officially surrounded myself with the most amazing people ::smiling_face_with_smiling_eyes::
306,307,0,<USER> <USER> republicans suck more at identifying #irony than alanis morissette.
307,308,1,That's always the solution..... #not. Doesn't fix anything!
308,309,0,Name an #excuse that people use #NOT to #workout ... <URL>
309,310,1,"<USER> <USER> <USER> <USER> <USER> <USER> ""left regressives"" is that not a label #irony"
310,311,0,<USER> but you can't expect us to hire one in only 3 weeks. Who moves that quickly on a coaching search? #sarcasm
311,312,1,A #celebrity is a person who is known for his well-knownness. #fact #TeamFollowBack #irony
312,313,1,Is there a basketball game on today? I'm not really sure. #ESPN seems to not be promoting anything about it. #sarcasm
313,314,0,<USER> <USER> <USER> We Agree #NHSENGLAND needs to #Publish #AandE figures over #HolidayPeriod #Sarcasm from #JeremyHunt
314,315,0,"If you've got the world on a string, you should give me some of that string, think of all the cool applications. #whatamidoing"
315,316,0,Christmas this Christmas that FOH its just a day people !! get a grip and sit down nd chow some Mopani worms
316,317,0,#Warn them that your degree of #sarcasm depends on them in this #funny tank top! Order now at <URL> <URL>
317,318,0,The #Gophers aren't nervous. #SammyCommentary #Gophers
318,319,0,Bitches be like ..... #more #appointments #please #not#crazy#enough .... YET @ orthodontist <URL>
319,320,1,I am so glad that I woke up early for this office visit to have to the mother not show up! #not
320,321,0,<URL> #Science of the #GardenOfEden - #Eden #KentHovind #Christian #Jesus #Christ #c... <URL>
321,322,0,Sickens me that killing innocent black men & children has become such a lucrative career in America. #MikeBrown #TrayvonMartin #EricGarner
322,323,0,50km into the #Rapha #festive500 and we stop off for a Coffee#1... Toes are coming back to life <USER>
323,324,0,<USER> u do really need to get a wee bit more lol
324,325,0,"<USER> so if they undo the affordable care act, and I should expect my insurance to decline 33%? #Not #Gonna #Happen"
325,326,0,<USER> <USER> #not sure who will take it home?
326,327,1,"I actually just started crying while brushing my teeth due to lack of sleep, stress and test anxiety. Today's gonna be a good one... #not"
327,328,1,Don't you just love those people who won't shut up in class then hold everyone back by asking the teacher to repeat answers? #sarcasm
328,329,1,"<USER> Oh, BELIEVE me. I agree totally. My tweet was pure #sarcasm. We need MORE #guns, not less. Santa is bringing me one. #2A"
329,330,0,The #Congressional #report on #torture #confirms that #AlQaeda was #not #involved in the #attacks of #September 11|<URL>
330,331,0,#Sarcasm makes you mentally stronger. Which is very effective when dealing with emotional #stress and #fustration.|#funfact #WhatIfISay
331,332,1,Also it is funny how things at work get done when I'm on my off week #sarcasm
332,333,0,<USER> is this a new/recent release?
333,334,1,When I'm lacking inspiration I resort to scribbling angry/pretty things. Great start to the week! #sarcasm <URL>
334,335,0,Also it's amazing how a shower and Taco Bell can make you feel like a new person. <USER>
335,336,0,Visit #Tripplebeam #Music #Promotions @ <URL> #Michigan <URL>
336,337,0,'nuff #Bob #Couldn039t #Not #Repin #Ross #tattoo|Please RT: <URL> <URL>
337,338,0,HAPPY BIRTHDAY BECCA. I just looked through ALL of my pictures which you know is a ton and found my... <URL>
338,339,0,Have you lost your zing? Working too hard? Check out my latest quickie: <URL> #habitually #internetmarketnewbie
339,340,0,"Heartless Sanghi #Sarcasm""<USER>: #IndiawithPakistan because a dumb nation deserves to be taken for a ride again and again. #Lakhvi"""
340,341,1,I guess waking up every couple hours is cool |#not
341,342,0,#Is #There #Too #Much to #Do or #Are #You #Not #Delegating #Enough ? <URL>
342,343,1,"<USER>, <USER> told to stop work under crew contracts #irony <URL>"
343,344,0,I need to get out of this car before I kill my dad.
344,345,0,Everytime I try to like Chris Brown he does something to royally eff that up. Dude is a chronic loose cannon #chrisbrown #Karrueche
345,346,0,#bedroom #decoration done lol #upstairs just needs a hoover... #Christmas ::Santa_Claus:: #decorations #downstairs #now xxx <URL>
346,347,1,Look good feel good! #not #TeamNoSleep #cantopeneyes
347,348,0,How much did it cost to build #mygov #medicare? I see this way too often... <URL>
348,349,0,That sad moment you realize you're past the point of having all those presents under the tree. I wanna move back in.
349,350,0,"So I may have had a ""few"" empties to recycle... ::recycling_symbol::::recycling_symbol:: |I ::red_heart:: #craftbeer <URL>"
350,351,1,"<USER> <USER> <USER> <USER> <USER> <USER> yet in Ferguson, MO the mayor and Gov are Dems. #irony"
351,352,1,Abnormal professor walks in with the finals in a Zoloft bag #irony #psychhumor
352,353,0,<USER> in hereford but can't leave bambino alone!
353,354,1,<USER> skiing in Regents Park much #not
354,355,0,Rejoice in knowing he is now in his new place...#not easy
355,356,0,"When ""make dua for me bro"" turns into an hour long conversation"
356,357,0,"<USER> <USER> A thief, a liar, a vote rigger, mocks those who use food banks and an online bully #irony"
357,358,0,"What the hell has happened to Shahid Afridi in last couple of days? Left alone more bouncers than played, got a review right. #pakvnz"
358,359,1,Sub is making class go by so slow that I feel like I am losing brain cells. #irony #substitute #MoveitAlong
359,360,0,<URL> #Photography #Photoshop #Photos #Art #EyeCandy #Bible on #TSU ::person_tipping_hand::::Christmas_tree::::Santa_Claus:: ||#FOLLOW <URL>
360,361,1,<USER> Yeah someone with Hayek and hockey in their name calling someone racist #irony <USER>
361,362,0,"The Rondo, Ellis, Parsons, Dirk, Chandler starting line up would be one of my favorites in league. Mavs should go all out for Rondo."
362,363,0,<USER> <USER> <USER> but of course it was. Cops could shoot a black man in front of a hospital & I bet you he'd still get no aid.
363,364,1,I love it when people ignore me. #sarcasm
364,365,0,"Every you're a fucking cunt, lying cunt did I say cunt song is about you now. How cute is that #defo #not #pissed #off #nope"
365,366,0,"<USER> not you, you're on pain medications ::face_with_tears_of_joy::"
366,367,1,What a great Christmas. ::grinning_face_with_sweat:: #not
367,368,0,i hate waking up in the mornings ::unamused_face::#basicbrianna #not #an #early #bird
368,369,0,"<USER> yeah amazing night, I think he out till the death! I'll let u know xx"
369,370,0,I wish I did better in high school
370,371,0,At the Toys for Lil Troops event for <USER> donating toys to children of deployed and low income troops. <URL>
371,372,1,The song was 'don't cry for me Argentina' #irony
372,373,0,I liked a <USER> video <URL> The Ubisoft Graduate Program - Gameplay Programming
373,374,0,I wonder how many people who visit food banks have huge TVs or are drunks? #freedomofspeech #foodbanks
374,375,0,"#Alien dit : What is #Religion, it is a culture that has been invented by a #Fool who wanted to do everything that is #Not legal #Legally.."
375,376,0,Lazying about in a hoody #WinterTimes
376,377,0,Forgot to enter #sarcasm
377,378,0,"#A #tax #per mile? #Americans #should #not #allow #GPS #tracking #of #cars, #trucks: Watch out – as the new year... <URL>"
378,379,0,Long distance relationships are serious SH*t #not ayoba...
379,380,1,Happy Birthday to me! #imgettinold #not #ionlygetbetter ROLL TIDE! <URL>
380,381,0,We are MAD Gamers: <URL> | Follow <USER> #Wellington #NewZealand <URL>
381,382,0,So not okay with DB's racist jokes.
382,383,0,"#notcies #eu European Council: Press conference by Donald TUSK, Jean-Claude JUNCKER,, and Matteo RENZI, <URL>"
383,384,1,<USER> u bragged all yr about having Peyton in 2 leagues only to get beat in the 1st round in both #irony ::face_with_tears_of_joy::::face_with_tears_of_joy::::face_with_tears_of_joy::::face_with_tears_of_joy::
384,385,0,"The feeling you get, when you just wanna flip the table and screw the finals."
385,386,0,They working me so hard tonite
386,387,0,<USER> <USER> this vine won't come up ::tired_face::::tired_face::::tired_face::
387,388,0,#Lance #Stephenson #not #traveling #with #team #on two-game #road #trip: Stephenson is still unable to run fully... <URL>
388,389,1,Jeez I wish the government paid for my food. #not #EBTbitches
389,390,0,"Hey <USER>, some of your geeky/nerdy followers need #sarcasm marker on posts like that. Otherwise, they'll start doing exactly the same :)"
390,391,1,Pretty Shitty day I'm gonna be soaked and full of mud and clay #iliketogetdirty #notreally #sarcasm
391,392,0,"when you refer to yourself in the plural, you'll get that <USER> <USER> <USER> <USER> <USER> <USER>"
392,393,1,That moment when the ad plays flawlessly but the video keeps buffering #irony #YouTube <USER>
393,394,1,Gotta love a Romanian playing an improvised version of jingle bells in a minor key. Really sets the festive mood. #not
394,395,1,Perfect time to get sick ::crying_face:: #not
395,396,0,I'm giving up a lot of stuff to make sure others are happy . I wonder if anyone ever look past my appearance and see what I'm feeling ::weary_face::
396,397,0,Merry Christmas to all my friends and family... Santa just finished at my house!! <URL>
397,398,0,<URL> <-Video $ #SmartPhone can pay you to post!||#iphone #samsung #S4 #S3 #ipad #tablet #mlm|Start@ <URL>
398,399,0,I see the #irony of MY LAST 3 TWEETS COMBINED was lost entirely on a certain someone... Faith in humanity: -3% :(
399,400,0,Lol hilarious pic RT <USER>: What a game! <USER> win! <URL>
400,401,0,You've set yourself some target to achieve there like love #hot or #not <URL>
401,402,0,"Change is a Process, ||#Not an Event dafuq you thinking"
402,403,1,My son gave me a cold......again!!! Yay! #sarcasm #NotExcitedAboutThisShitAtAll
403,404,0,"A #sale is #not #something you #pursue, it's #what #happens to you #while you are #immersed in #serving your... <URL>"
404,405,1,"<USER> ""Malala is fake and planted by the US coz Pakistan is perfectly safe for kids going to school"" #PeshawarAttack #Sarcasm"
405,406,0,Seriously has the #BBL04 got the tallest on ground interviewers of all time #talltowers #sevenfoot
406,407,0,#Funny #18+ Turn On aquabreeze:||disgustinghotels:||#not all men <URL>
407,408,1,Yay jury duty ::unamused_face:: #sarcasm
408,409,0,"i may have played a part, but i wont take sole credit ;) <USER> <USER>"
409,410,0,"<USER> <USER> I thought it was, what I call, the wet look lol"
410,411,1,A burned tongue is a lovely way to start the day #sarcasm #ouch
411,412,1,Literally functioning on 4 hours of sleep and I feel great ::grinning_face_with_smiling_eyes:: !! #Not #CollegeisKillingMe #OneMoreWeek
412,413,0,When ya mates dad starts poking you on Facebook #Cringe ::astonished_face::::grimacing_face::
413,414,1,The #irony is anti state ppl will claim the little man (hacker) won when in reality the state won #sony
414,415,1,#HowToGetUnfollowed Post pictures or videos of you smoking. Especially blowing smoke at the camera. #SoCool #Not #GTFO
415,416,0,These refs are pissing me off. They seriously have no idea of what's going on.
416,417,0,has anyone visualised the different colours and flavours of twitter streams? kinda lipmus test.
417,418,0,Psychic Advice weekdays at 9am (PDT) on Psychic View Radio..call in 347-850-1494 to ask YOUR question <URL> #BlogTalkRadio
418,419,1,So ill. It actually hurts to breathe. Still that nice long walk to the station did me the world of good #not
419,420,1,<USER> then later he snuggles up to The Royals with giddy glee #Irony
420,421,1,"Blue skies, warm air, and the royal accommodation! #WhatMoreDoesOneNeed #Education? #Not... <URL> <URL>"
421,422,1,it's International Human Rights Day #irony
422,423,1,So Jeremy Irons and Alan Rickman are BOTH in Marrakech just one week before I'm going there #everythingisfine #not #sonot
423,424,0,<USER> I take it you're not in England then ; )
424,425,0,#smile for the #photo #ok they said #boys #trouble #funny #football #kids #adorable #friends <URL>
425,426,0,When hailey I play trivia crack she wants the sports & entertainment while I aim for the science and history hahahah
426,427,1,<USER> Thanks for pirating my music! :D #not
427,428,0,Welcome to the surrealist estate agency!! <URL>
428,429,0,#Average #Ball #Not #Party #Ping #Pong #homedecor Please RT: <URL> <URL>
429,430,0,The fucking car just gave up..! #car #died #not-happy
430,431,1,I like the feeling when people thinks they're 2 steps ahead of me... But the truth is they're miles and miles behind me AHAHAHAHA |#sarcasm
431,432,1,"BM ""gives me"" from 3 pm to 8 pm with my son today, that's fair huh? #NOT!"
432,433,1,<USER> and if Marathi man speak hindi to Chu*** samajhte hai #irony
433,434,1,Lesson learnt? Herd of sheep who fought over TVs on #BlackFriday struggling to sell them <URL> #irony #capitalism
434,435,1,Tomorrow three test signature.|Thank you. |#school #sarcasm
435,436,1,"So #GuardiansOfPeace win by threatening to destroy the #peace!!!, what a #irony"
436,437,0,My babygirl has an imaginary friend it's so cute to watch her talk to it.
437,438,0,#UKArtistOnly <USER> <USER> <USER> present. #UKUntoldStory #MIXTape #GetOn #DUCMG
438,439,0,<USER> They say #not #responsible and your #NotWorthIt to offer even $10 #discounts for the worst #customerservice I have ever had!
439,440,0,Thanks GORI-san|#djgori #not for sale <URL>
440,441,0,We may be some time. #Hibernot #Not <URL>
441,442,0,<USER> <USER> <USER> <USER> <USER> <USER> I'm still going to Exeter whether they care or not
442,443,0,<USER>: NDP to introduce bill to make OHIP public #not appropriate # confidentiality
443,444,0,Oregon marching band playing <USER> music. #awesome #OregonDucks #OregonvsFloridaState #RoseBowl2015
444,445,0,<USER> we don't have a good enough singles depth atm to even account for doubles the problem has never been doubles always singles
445,446,1,Yay yet another week with a child home from school ill! Just a hint of #Sarcasm to brighten my day.
446,447,0,"#SMILES when there is #MONEY|#SCOWLS when there is #NOT|#RECOGNITION when there is #MONEY|#IGNORANCE when there is #NOT|::church::::bank::::dollar_banknote:: ::hospital::::money_bag::::police_car::::oncoming_fist::::collision::|""'::broken_heart::#GOD$::broken_heart::"""
447,448,0,<USER> hey I seen u have followed me and I was going to ask to check out my channel and help me with a shoutout for subscribers ??
448,449,0,Urban Glam High Heel Earrings $7|Leave email for invoice <URL>
449,450,1,Gotta love being lied to.... #not
450,451,0,<USER> <USER> Ladies wouldn't use that language.But I guess you are not one.
451,452,0,<USER> I hate you lol
452,453,0,I didn't know it's your territory I really. .. WHAT ARE YOU DOIN- no. . Please don't shoot at me I. .
453,454,0,"Shopping day with Ms 15 today. Her haul included new Docs, eyeliner, bras, new issue Frankie mag, and half of Kikki K. Tired and broke now."
454,455,0,Sweet jeebus! MT <USER> CryoSat & Jason-2 confirm very high to phenomenal seas generated by North Atlantic low <URL>
455,456,0,Hyper at 1AM when I really should be getting rest #ohwhale ::whale::::spouting_whale::
456,457,1,"We were miles apart,but you found me, now we are close enough, still apart #irony"
457,458,0,Drinking a Southern Triangle IPA by <USER> at <USER> -- <URL>
458,459,1,"American Red Cross van ""together we can save lives..."" And the driver is smoking. #irony"
459,460,0,<USER> <USER> It also makes me want to post this... <URL>
460,461,1,#birthcontrol #lol #wtf #whatisbirthcontrol <USER> great commercial #sarcasm
461,462,1,Oh how I love working in Baltimore #not
462,463,0,Fans watch #tylerfarr in concert at <USER> #countrymusic #throwdown1035 #tampa <URL>
463,464,1,So I'm the school nurse today. And I have a fever. #irony
464,465,0,#BBC #News -- #USA -- #Jeb #Bush to #explore #White #House #bid. <URL>
465,466,1,"Thanks for the dick pic, really, thanks. #Sarcasm"
466,467,0,<USER> <USER> spawn of Larry Ellison aka World's Worst Human
467,468,1,Really loves dentist appointments. #sarcasm
468,469,0,Now to write a JavaScript RegExp that allows . and ' in e-mail addresses... <URL>
469,470,0,<USER> <USER> 3 more nights 3 more nights ::grimacing_face::::grimacing_face::::grimacing_face:: #londoncalling <URL>
470,471,0,"<USER> <USER> A lot of factors at play but I think you do retain him at max. Hopefully the FT's hurt his market a bit, selfishly speaking."
471,472,0,<USER> You're a tough bugger ;p
472,473,1,I'm shocked that Mark May doesn't think the Buckeyes should be in the playoff!!! #Sarcasm
473,474,1,"Google scholarship application kept crashing in Chrome. Opened it in IE, finished application without incident. #irony"
474,475,0,<URL> #AnalFrench #Chocolate Chocolate babe gets dicks in asshole
475,476,1,Set my alarm for PM not AM...guess you could say I've got my life together #not sorry <USER> #Pearlburg mom and Jesus
476,477,0,Just entered the <USER> competition for tickets to the final! Fingers crossed <USER>
477,478,1,"Gun nut yells at cops conducting DUI checkpoint, later hit by drunk driver on way home #irony #karma <URL>"
478,479,0,"<USER> for the #yoga people out there, this is a Down Faced Dog dinner! #MerryChristmas <URL>"
479,480,1,"Have you ever seen the like?? 'Republican move' that will 'effectively rob the royal family', Kate's 32k meal #irony <URL>"
480,481,1,It's snowing in Chicago #whitechristmas #not
481,482,1,Oh I just love when I wake up with a migraine ::unamused_face:: #not #needmeds
482,483,0,Oh Oh mum is #not #going to be #pleased #littletike <URL>
483,484,1,Its a shame on an off day that the NFL doesnt have any interesting stories and isnt getting any attention. NOT #sarcasm
484,485,0,Felicitats <URL> #Penedesfera #notcies
485,486,1,Cook and England rudderless at the death. Seven games and we've got progressively worse! Can't wait 'till they arrive here for WC #sarcasm
486,487,0,#we are #not #perfect but it is #neccesary for #us to #be the #best # version of #ourselves <URL>
487,488,0,Happy Holidays! (this is officially our Christmas card) #BestFriend #UglySweaterBarCrawl <URL>
488,489,0,<USER> <USER> At least you got my joke
489,490,0,"<USER>: It's 2015. Why am I still manually turning on/off WiFi, Bluetooth, NFC, etc..? #fb yep"
490,491,0,"<USER> thanks babe, hope you have a good one too ::two_hearts::::confetti_ball::::confetti_ball::"
491,492,0,This nigga knocced back 6 shots of Henny lastnight ! <USER> <URL>
492,493,0,'Tis the season for tablets! I entered the #tabletsforall contest to win a tablet gift pack. Check it out: <URL>
493,494,0,#notcies #eu Commissioner Creu reassures Committee of the Regions: Junckers investment plan will complement coh... <URL>
494,495,1,"Is there a ""like"" tab on me? I'm not a facebook status to be liked by people... #sarcasm #RudeButTrue"
495,496,0,"Bestiestest. *teary-eyed* THE KING IS COMING! My God's not dead, He's surely alive! #God's #not #dead #faith <URL>"
496,497,0,#Johnny #Football #time #is #not #a #fun time #any #more: The Cleveland Browns went into Sunday's game against the... <URL>
497,498,0,<USER> THAT'S WHAT I'M TALKING ABOUT! Awesome Win CAVS!!!!!!
498,499,1,08:01am on the dot and the buzzer rings #helloworld #not #sleepy #tired #nothanks
499,500,0,"<USER> Now I have a game Monday, Tuesday, friday and Saturday ::loudly_crying_face::::loudly_crying_face::"
500,501,0,<USER> Go you! #not Home until the 1st Jan. So excited!
501,502,0,Photo: Tuxedo Jumpsuit Sizes:Small-Large Color:Black Price:$65.00 Leave email and size for invoice <URL>
502,503,0,#Analysis -- #Economic #issues #whip #up #Israelis #in #chocolate #pudding #election. <URL> via <USER>
503,504,0,<USER> Three minutes is better than no minutes
504,505,1,"Found my motivation... Aka the back of my eye lids, by accident. Boy, me and <USER> are some winners. #not #senioritisisreal #losers"
505,506,0,The ones that caught me by surprise were the ones I didn't expect #duh #redundantredundant
506,507,0,This time last year...shiid was hella funny...unforgettable #khwaaaa
507,508,0,Hoar frost is challenging for some to spell.
508,509,0,<USER> <USER> Your views are not right wing or left wing...just vile.
509,510,1,<USER> <USER> Ah the 2014 #GamerGate Ebola campaign. How many people did we kill? #sarcasm
510,511,1,"Where is the promise of ""peace on earth"" in this? ""Lord, Thy Kingdom come, Thy will be done."" <URL> #Advent #terror #irony"
511,512,0,"YOU are violent, it shows in your tweets <USER> <USER> <USER> <USER> <USER>"
512,513,1,Gael 'pro at presentations' Anderson #not #choke
513,514,1,Nothing says nature like the relentless sound of AM commuter traffic #fthunter #AMdogfun #not<USER>
514,515,0,#notcies #eu Cleaner air would offer major health benefits in the Balkans <URL>
515,516,1,Loving how dominant the SEC is #Pause ..... #Not
516,517,1,Best Christmas Eve news: I have a half sister. ::face_with_tears_of_joy::::thumbs_up:: #sarcasm #thanksdad
517,518,0,Brother::blue_heart:: we don't look alike #not #frère #family #lovehim <URL>
518,519,0,Looking at the stairs & imaging that scary dark creature coming up freaks me out
519,520,0,<USER> at least there's a good football game on with zero chance of either of our teams losing lol
520,521,0,"we are all the same race, HUMAN the only race supported by the Human Genome Project <USER> <USER> <USER> <USER> <USER>"
521,522,1,Throwing up is exactly what I want to be doing at 7:30am... ::face_with_medical_mask::::face_with_medical_mask::::face_with_medical_mask:: #not
522,523,1,Well this is great.. #sarcasm|Illinois Passes Bill That Makes It Illegal To Record The Police <URL>
523,524,0,"<USER> now, to remember which book... #goodluck"
524,525,0,<USER> Ahem... yeah.. something like that ;)#irony is one of the few things keeping sanity when facing RU propaganda. #CrazyIvan
525,526,1,so glad I came to work at 7:30am for all the customers that are here!!!!!! #not #itsdead
526,527,0,Still time to enter our <USER> planner giveaway courtesy of <USER> & <USER> <URL> #bbloggers #lbloggers
527,528,0,Check out the new novel Black Beauties by Eureka Johnson on <URL> or <URL>
528,529,0,<USER> Definitely not...racism is systematic and entrenched in every American institution..also in black/white binary construction
529,530,0,Forest Hills Drive on my playlist naw....
530,531,1,Full on man flu just in time for a weekend of work!! #awesome #sarcasm #coldandflu
531,532,1,"<USER> <USER> the cop also had prior misconduct charges. But, ya know, that's ok #sarcasm"
532,533,1,"Zuma reads the quote ""People are not fighting for ideas, they fight for material benefits. To live in peace."" #Irony #YCLNationalCongress"
533,534,1,Because a field trip two days before finals is exactly what I need #not
534,535,0,"sony emails tells me a few things. wealthy, high powered business(wo)men are ugly people, stupid & need to learn how to spell. #SonyHack"
535,536,1,I wonder what triggered the anxiety? #sarcasm
536,537,1,Love waking up to no heat in my apartment #not #socold
537,538,1,Nice weather for today.. #not ::angry_face::
538,539,1,"Decided I'd go to bed ""early"" for once. I've been laying here since 2 am. Yet the total amount of sleep I've had all week is 10 hrs. #irony"
539,540,0,I have a very annoying bluetick for sale. 8 yrs old. Needs babied and a bath. #sarcasm
540,541,0,"Check out> <USER>¢â""¬Â¦music that makes you feel something. #London #UK"
541,542,1,<USER> I don't think the Hereditary Baronet wants to encourage a something-for-nothing culture :-$ #irony
542,543,0,<USER> for the brothers ah-ite. <URL>
543,544,0,"<USER> <USER> I mean Zach is a teacher, amirite?"
544,545,1,Wash hands with water? MOH is rubbing this on everyone's face? #irony <URL>
545,546,0,Someone tell me where tf to find a fried chicken ornament bc this shit is necessary <URL>
546,547,0,My body refuses to sleep. #fucccck
547,548,1,Decemberbessen #not #fail #footprint sorry.... <URL>
548,549,0,<USER>: hey sorry im late i didnt want to come #myperiod
549,550,0,LOL lets see if he actually READS it|<USER> <USER> <USER>
550,551,1,Not everyone's really for you no matter how long you knew them . And not everyone's a bad person just because it's been a short time. #irony
551,552,0,Less than a week til the ultimate squad is back together #RogersAndDalhauser <USER> <URL>
552,553,0,"Yeah, you're a grown up & at times feel very nostalgic towards your Bachpan. Iife's handiwork!!"
553,554,0,"Mike Smith and Brian Hoyer walk into a bar. They sit down and at the same time say ""I told you it wasn't all my fault"" #Coyotes #Browns"
554,555,0,"Someone discovered that they do indeed have a tail and that it is, in fact, fun to play with <URL>"
555,556,1,"Scoped out a new route on today's 5k. But oh.. the crowds, the traffic, the noise ::grinning_face_with_smiling_eyes:: #not... <URL>"
556,557,1,I bet Joel Embiid is psyched to come back from his injury to play for the worst team in NBA history. #Sarcasm
557,558,0,<USER> Blount also out. You would think this could be the game that White gets some action. I guess not.
558,559,1,final labs coursework submitted!! now to treat myself by catching up with the whole semester's lectures #winning #not
559,560,1,<USER> <USER> more people are in prison because of drug related crimes. But you know gun crime is up #sarcasm
560,561,0,<USER> <USER> <USER> |*Everything is crossed*|#ChristmasGift |#BassFace <URL>
561,562,0,<USER> <USER> #apologies *scoffs humble pie*
562,563,0,<USER> <USER> <USER> problem solved no more reading out at FMQ what someone at WM wrote #irony
563,564,0,#tbt #not Dedicated to those days we DONT want to throwback to. Like this evil cold November day at... <URL>
564,565,1,Today is going to be a great day . #not. ::pensive_face::
565,566,1,<USER> so apparently twitter is free... so why is my data being depleted using twitter? #not impressed
566,567,0,<USER> <USER> Yes on Auto-messagers No to #FollowBackers ... They make me money over on TSU. Thx your post||<URL>
567,568,0,<USER> Tough crowd. Josh Smith was tremendous tonight.
568,569,0,"<USER> Would be also great if David teamed up with his old man again at the Carols, similar to a few years back.#Greatdou in both cases"
569,570,1,Taking a hour to shit is always a good thing. #not
570,571,1,"My entire career has been devoted to being a BOSS in beating corruption, but I get beat in a corrupt election #Irony #SoCloseTilden #1Vote"
571,572,1,Yay I just love this time of the month...! #Sarcasm
572,573,0,Finished the year strong with a good bike workout! Missed a lot this year resting my shoulder--hoping for better in 2015. Happy new year.
573,574,0,<USER> trying hard to be fragile and petite. Hahaha. Happy new year liabeeeeee more clingy moments ::face_with_tears_of_joy::::face_with_tears_of_joy::::face_with_tears_of_joy::
574,575,0,"<USER> yes, you got the point. :( it's like, as the time passes we're growing into some kind of beasts."
575,576,1,"Someone took my lucky hat today, yay, isn't that fun... #sarcasm #IhopeIGetItBack"
576,577,0,<USER> grateful for this encouragement :))
577,578,0,"<USER> <USER> ""pit players v. victims?"" How dare the NFL put a divide between men and the women and children they beat? #sarcasm"
578,579,1,"<USER> kids don't need schools! Schools just turn them into gay atheists, gaytheists, if you will. #sarcasm"
579,580,0,<USER> <USER> <USER> hmmmm. I wouldn't say she has tits ::beaming_face_with_smiling_eyes::
580,581,1,Did you know iOS 8 features custom keyboards? #sarcasm <URL>
581,582,0,"Tax & NI on your wage slip is like Jim Bowen on bullseye goin ""look what you coulda won"" #rubbingitin #crap <URL>"
582,583,0,"Today stats: One follower, No unfollowers and followed 2 people via <URL>"
583,584,1,<USER> yeah I do. But you know there's this thing called an all nighter and apparently I wanna pull one #not
584,585,0,It has #not #been #seen www.MonsterMMORPG. com since. progoneate follow <USER> #mariland <URL>
585,586,0,"I've visited 19 #US #States, 2 #Canadian #Provinces, & 11 #Countries total. (Not the most, but not bad.)"
586,587,1,Just a <USER> article re: a robot arm you can control with your mind. Meh. Nothing huge. #sarcasm #science <URL>
587,588,0,"That awkward moment when you plane your whole day around your Golf Class, and it gets cancelled! #stupidrain"
588,589,1,<USER> <USER> <USER> same here. Tryin to link d convos bt another tweet cums up. #Sarcasm is the only wrd repeated.::face_with_tears_of_joy::::face_with_tears_of_joy::::face_with_tears_of_joy::::face_with_tears_of_joy::::face_with_tears_of_joy::
589,590,1,Shitty drivers are always fun. #not
590,591,1,<USER> Just realised we missed it too. In the middle of a tech troubleshooting mission to get an article on Madiba up on the site. #irony
591,592,0,"Putting good things in my mind for lunch today instead of just internet junk. Oh, and tweeting. Tweeting good for building tribe."
592,593,1,Anybody using their rights to protest legally gets the law thrown at them. & the ones who do the crimes don't. That's #Irony #NotJustice
593,594,1,"~I'm not closed-minded, I'm just dogmatic~ #sarcasm #contradictions"
594,595,0,Sometimes it's #not about being #Cocky.. ::smirking_face::::cat_with_wry_smile:: It's abt knowing what ur #Capable of & #doing it...... <URL>
595,596,1,A Puppet at the #PTI rally wanting to make #NayaPakistan #irony <URL>
596,597,0,I can't even begin to explain my frustration. ::unamused_face::
597,598,0,Goes both ways #make #love #not #war #peace <URL> <URL>
598,599,1,Fighting over chargers is definitely how I wanted to start my day.::unamused_face:: #not
599,600,0,I had the most broke friends in undergrad now these fools get a lil money and want to act uppity as ever
600,601,0,That's comfortably the most stonewall penalty I've ever seen.. What are these refs on? #hadone #Stoke
601,602,0,Don't think that you can just use my boyfriend when you have noone else...#not#on#my#watch
602,603,0,Everybody's Talking about Snow and I'm just Sitting Here and the only Snow around is on our Cars.. #snow #not
603,604,1,"My coach is so supportive. ""tighten your belt, pick up the weight and just do it."" #sarcasm #ithinkhehatesmesomedays #itsmostlylove"
604,605,0,Still in da process #drawing #sketch #fishkoi #tattoo #not #yet #finish <URL>
605,606,1,Cause I love going to bed alone every night.. #not
606,607,0,"If Comes From The #heART Then They EXPRESS it, Connect <USER> or <URL> #thankyou #3rdeyebrand"
607,608,1,Kid who tried stealing tools from me is now mad cuz someone took his hot sauce out of the fridge at work #Irony
608,609,1,EmoPostAhead lol the sucky thing about seeing beauty in everything? You see the beauty in a liar #BeautifulLiar #lovethwayyoulie #NOT
609,610,0,<USER> You blew my mind on #AHSFREAKSHOW You're brilliant.
610,611,1,This team would finish fourth. #Irony #Arsenal #Afc
611,612,0,8 of our favorite smartphone highs and lows of 2014 <URL>
612,613,0,<USER> Things also go slowly when you are waiting for them especially!
613,614,1,"Few #relations are by #chance, few are by #choice and few are by #Facebook!! #irony"
614,615,1,what a lovely perma-fall we're having here in milwaukee. #not #doomandgloom #gimmesnow
615,616,1,Driving into town on very well cleaned country road I see a tow truck veer off too far to shoulder & get sucked into ditch. #Irony
616,617,0,"Grace is a free spirited 8 yr old with the most humble heart. Aspiring model/actress, she also enjoys #piano and dance.Follow> <USER>"
617,618,0,Mondaiiis to fridaiis without Huweyyyyyy #do #NOT #like <URL>
618,619,0,Love it when my mans on a cleaning spree.. Saves me doing it ::OK_hand::::face_blowing_a_kiss::::face_blowing_a_kiss::::face_blowing_a_kiss::
619,620,1,You could say after today I'm officially necrophelic #LatinFinal #justajoke #not intodeadthings
620,621,0,Equal justice for all...unless you are Black during the Obama administration. <URL> via <USER>
621,622,1,"tried to export an azure vm, well that went ok #sarcasm #vmcorrupt #thankyoumicrosoft #startalloveragain"
622,623,0,#forgive #others #not #because they #deserve #forgiveness #you #peace love this from <USER> #words #wisdom ... <URL>
623,624,0,Hardest parking i've probably ever done! #screwyousmallparkinglot
624,625,1,"I guess Paul didn't have buns, hon. #EatenAlive #not <USER>"
625,626,1,An 'important' call from the council about a form we did 3 months ago is just what I need an hour before we head off to Disneyland. #not
626,627,1,Laptop speakers are too quiet for music & simply too loud for porn ::unamused_face:: !#Irony
627,628,1,<USER> returning my brand new ps4 thanks to your faulty security. #goodjob #not
628,629,1,Most of us didn't focus in the #ADHD lecture. |.|#irony
629,630,0,#farage a t1t in public who doesnt agree with seeing t1ts in public #breastfeeding #irony
630,631,0,<USER> <USER> Ah ok. Well I hope things keep going well with person A x
631,632,1,<USER> great story about the student trying to get the teacher fired!!#sarcasm#moron#storywasstupid
632,633,1,<USER> <USER> I will let <USER> know - I'm sure he is shaking/quaking in his boots. #not
633,634,1,<USER> maybe you should grind the gym man #not #calling #you #fat
634,635,0,"<USER> start with India , I need to be somewhere they don't speak great English so I don't have to say much lol"
635,636,0,"I'm officially making today ""Single men get a smoothie"" day because that's who my customers have been all day."
636,637,1,My favorite thing is waking up at 4 and driving 20 minutes in the snow just to see this bitch ass #Not #PaneraProTeam <URL>
637,638,1,"#Irony: ""The elections are not over zero VAT, but about whether there will be a Zionist or extremist country here"". <URL>"
638,639,0,Katie pisses me off so bad #TheApprentice
639,640,1,K. Michelle said Lil Kim is Plastic but 65% of her body is fake and silicone. Kim went Plat on PayPal but K has never SEEN platinum. #Irony
640,641,0,Rest in peace riff God! #Dimebag #Darrell #is #not #dead #pantera
641,642,0,<USER> <USER> let's #not #forget the #origin of a #diamond in #relation with #humanrights #bigdata
642,643,0,John Stockton in a commercial?!! Holy crap! #NBABallot
643,644,0,I have this weird urge to buy a hamster
644,645,1,I love it when people try to tell me that Oakland is so much easier than other schools ::enraged_face:: #not
645,646,0,<USER> where did THAT come from?!
646,647,0,Somebody has filled my head with snot & used a cheese grater on the back of my throat during the night #unimpressed
647,648,0,I am downloading #AdvancedWarfare now!! Can't play it until 22nd of December tho :/ #Exams
648,649,0,<USER> <USER> <USER> <USER> <USER> <USER> I am so immensely sad about this.
649,650,1,<USER> but hey we could just kill their kids in a drone strike cause that strategy seems to b working so well and #not
650,651,1,"Get on the work bus, driver turns his music on and the first song on is 'another day in paradise' #irony"
651,652,0,my brother did this. now I hate my brother even more. |#jk #not #stilljk #fatbro <URL>
652,653,0,"Absolutely no #ALP or <USER> fan, but seriously many have done this before him & many will. #Scapegoat #Excuse he was a lame duck"
653,654,0,"Support <USER> reveal the truth behind Love, sex and drama visit <URL>"
654,655,1,"Lots of people tweeting pictures from their cars of their snowy commutes to work, whilst saying ""stay safe"" Oh, the #irony!"
655,656,0,<USER> they've spread their positions off with long feeder cattle! #sarcasm
656,657,0,It's all about Twitter #not a clue
657,658,0,"<USER> though, I suspect you don't actually care about the truth, so whatever, go troll someone else ;-)"
658,659,1,<USER> thanks I thought it was tomorrow #not #iknow #notthepoint
659,660,1,She talkin bout gender roles and we're the narrow minded ones #Irony
660,661,0,<USER> <USER> and why wouldn't you be after THAT performance!
661,662,1,Yay for cars having a case of the Mondays. #not
662,663,0,<URL> #AnalTryouts #Sensational Sensational blondie chick gets anally smashed in a threesome
663,664,1,Just woken up after 16 hour night shift to no gas. Looks like microwave meal and cold shower for me today. Woo!|#sarcasm #fml
664,665,0,Tulisa has really made herself ugly #xfactor
665,666,1,A well known sci communicator is exaggerating the claims of a study into PR exaggerating the claims of scientific studies... #irony
666,667,0,"Because #LOGICALLY, that does #NOT #fully #compute. If they wear #LESS #PROTECTION for a ""#DEADLY #VIRUS"" & do #NOT ""#get"" #EBOLA as result?"
667,668,0,Last night watch for 2014!! That deserves ::bomb::'r breakfast dram. <USER> 17yr from <USER> #scotch #Islay <URL>
668,669,0,can I just own an isle far away from here where my house is stunningly beautiful with only some closed ppl who appreciates me as a human
669,670,0,If only I could be a cooler kid xp lol I'm such a nerd #can #i #know #when #im #not #gonna #get #rejected
670,671,1,<USER> It's so the speaker remembers their talk's over. Otherwise how would they know? #sarcasm
671,672,1,"Murdered baby, black man in US, kids in Thailand and a woman's body in Avon gorge. It's a jolly day for news today #sarcasm"
672,673,0,the struggle of writing this article and studying for this journalism final is killer.
673,674,1,<USER> <USER> Pulled by White Van Man by the looks of it. Yuk .. so naff. That keeps the magic of xmas alive..#NOT
674,675,1,"I'm so sore, work tomorrow is gonna be fun.. #not"
675,676,0,"<USER> just lost a fiver already on the early kick off, cheers Forrest :)"
676,677,0,So glad I'm off work tonite::person_raising_hand::
677,678,0,Lol my mom can't text and talk at the same time ::grinning_squinting_face::
678,679,0,<USER> ahh... the hill. I seem to remember (sort of) mud sliding down that hill at many a Buffet / Steve Miller concert. #GoodTimes
679,680,0,Please snow let us get out of dance early
680,681,0,Why is there evidence of a stripper in my house yet I see no stripper in my house ::expressionless_face::::broken_heart:: <URL>
681,682,0,Beach hangs with my bffz <URL>
682,683,1,How can u miss something u never had?||#randomthoughts #miss #irony |<URL>
683,684,1,"#Mahathir, one of the godfathers of Asian values, Malaysians are ""stupid"", don't know how to run an airline #irony <URL>"
684,685,0,Love these guys! RT <USER>: Tried to get the whole family in! #selfiestick <USER> <URL>
685,686,0,So baffled that WWE wrestling is still as popular as it is. All my friends went to the show in DC. I stopped watching like 12 years ago!
686,687,0,"<USER> just check out the buttons, see what they do. And follow me back ::winking_face_with_tongue::"
687,688,0,<USER> no one really says that
688,689,0,"<USER> The ones who did this, and the ones who support this,cannot be human.RADICAL Islam =Satan's Army.#PeshawarAttack"
689,690,1,<USER> that's some bullshit that's a complete rip off for those items. And I bet some of u idiots really that's a good sale. #NOT
690,691,0,Do you want to be right? |Or do you want to be happy?
691,692,1,"I like to think of myself as a broken down Justin Bieber - my philosophy professor, everyone. #sarcasm"
692,693,0,<USER> > matters we may exert or influence a change. But friendships aren't progressed this way. Some natural affinity is needed.
693,694,0,<USER> just trying to confuse you all ::face_blowing_a_kiss::
694,695,1,"20 years ago I arrived in CR, happy to leave behind all the malls and rampant materialism of the US. Went xmas shopping in PRG today #irony"
695,696,0,"again, your myth of ""racist DNA"" is still only a figment of your delusional imagination <USER> <USER> <USER> <USER>"
696,697,0,<URL> #NOT SO UGLY CHRISTMAS SWEATER HUNTER'S RUN SANTA'S SLEIGH OVER THE ROOFTOPS <URL>
697,698,0,I know who I am. I am not perfect. I'm not the most beautiful woman in the world. But I'm one of them. #women #not #perfet|-Mary J. Blige
698,699,1,<USER> <USER> <USER> effigies of jesus or allah..... when she herself hadnt kept any of d hindu gods #irony
699,700,1,I have three exams today lets gooooo! #School #Sarcasm #Swag
700,701,0,Today was a very good day in Iceland.
701,702,1,Welll helllo fever. Id say 103 is feelin real good today #not
702,703,0,I feel and look like shit. #rainyday #nomakeup #sorrynotsorry <URL>
703,704,0,Today's NCAA action on the way.
704,705,0,<USER> <USER> lol.. Old enough to know better... Young enough to do it again
705,706,1,Monday morning inspiration! #sarcasm #itstruetho #donttrustnobody #iwokeuplikethis... <URL>
706,707,0,"My mom is the most annoying person I know. I know you're gonna read this since you creep my account, s/o to my mom #idc#istillloveyou"
707,708,0,<USER> <USER> Talking to yourself again Mo #Irony
708,709,1,"<USER> <USER> <USER> <USER> <USER> <USER> #irony #oxymoron ""planned parenthood"" nothing abt parenting"
709,710,0,Who said that birthday girl can't celebrate the next day??? ::smiling_face::::smiling_face:: #celebrating #always #nighout #birthdaygirl... <URL>
710,711,0,"<USER> yep, overall it was a great show live. ending of the TLC match was fubar, and the stairs match was terrrible."
711,712,0,Video: #im#not#the#only#one#you#think#im#crazy# ahhhhhh <URL>
712,713,1,Trying to eat crackers on the quiet floor likeee.. Maybe if I chew slower no one will notice..#not
713,714,1,"Woke up with my foot the size of a balloon, that's just what I needed.. #not #ouch"
714,715,0,#Celtics RT <USER>: And then there were none <URL>
715,716,0,Image via We Heart It <URL> #feelings #not #people #telling <URL>
716,717,0,"No one talks like I do , No one thinks like I do , No moves like I do #ConorMcgregor #Ufc #Quotes"
717,718,0,"No doubt. Main Stream Media, Obama, Holder, DeBlasio et al have the blood of those cops on their hands. <URL>"
718,719,1,<USER> thanks for the spoiler!!!! #not
719,720,1,Congress just screwed us but it's a great day in the District because we got another stadium! #sarcasm
720,721,0,#AdvancedWarfare is so much better than any FPS released in 2014 XD
721,722,0,It's always the little things that's attracts me
722,723,0,"<USER> <USER> You're #not familiar #with Matt Busby, #then. Lol."
723,724,1,Highly inflamed stomach is just what I like #not
724,725,0,I think about Disney World just about every day. #missit #myhappyplace
725,726,1,almost 72 hs of a kid asking for his christmas gift and zero answers from <USER> thank you guys! you are awesome #not
726,727,0,... Can#do#no#more#not#usually#a#quitter#only#so#much#can#be#thrown#at#me!
727,728,0,<USER> Well maybe if you werent such a noob you would be up talking to me at 2:30 in the morning :P
728,729,0,#not insured
729,730,1,Horray to working all weekend! #sarcasm #ohwell ::money_bag::::money_bag::::thumbs_up::::smirking_face::
730,731,0,<USER> thankfully not full cold.. Just one side down. Getting the full vitamin netty pot combo blast now
731,732,0,"HELLO Wednesday! BY THE WAY IT'S December 10, 2014 at 02:15PM! (just a random information)"
732,733,1,"I do hope you Anti #GamerGate'rs will sleep better, knowing that sabotaging charities would make you more respectable in society. #sarcasm"
733,734,0,Haha guess my tweet was ok then. Are you back in training <USER>
734,735,1,13 voice mails at work is always lovely #not
735,736,1,Sick on Christmas YAYYYY #not
736,737,0,How were your #holidays? We'd love to hear all about them!
737,738,1,Ah yes. Just what I wanted today- a pounding migraine. #Sarcasm
738,739,0,Munching cheese like its Christmas #stiltonoverload
739,740,1,#Hazard worker training. 1st break there was 3 doz donuts and half class outside to smoke. #fail #nomealfitters #irony <USER> <USER>
740,741,0,The thought of work tonight really kills that Friday feeling.
741,742,1,The thirstiest of thirst buckets calling other people thirsty ::unamused_face:: #irony
742,743,0,<USER> #pantsdowntiggy was his crime. Pixelation #moot or #irony
743,744,0,#notcies #eu Green determined to block Hinkley Point - Green determined to block Hinkley Point Copyright EP 2013.... <URL>
744,745,0,I've got a right thirst on... #NewsYearsEve
745,746,1,Love the fact that I turned off my alarm this morning and slept till so freaking late #not
746,747,0,#mcfc trying to kill their opponents.
747,748,0,"#Seen #a #headline #about #a #doctor #that #starts #with #""Doctor #who...""? #Why #not #stick #your #head #in #the #toilet #and #pull #the..."
748,749,1,"<USER> <USER> Yet no ""dog in the manger"" that actually makes it a dog in a manger story #Irony"
749,750,1,#Irony <URL> Reverend tells kids that Santa is not real why declaring a sky fairy is because a book says so. #LOL
750,751,1,"Laborers in the San Joaquin Valley, one of the most productive farming regions in the world, suffer from food insecurity. #irony #poverty"
751,752,1,"I think my friend just sent <USER> a snapchat of me drinkin water, cuz she's fun like that #sarcasm #rehydratewhenyadehydrate #brat"
752,753,1,Girls won't answer their phone when I'm calling them bc they think I'm calling them in early but I'm actually calling to cut them #irony
753,754,1,<USER> make sure you don't say Christmas!! The decorate for the holiday. #sarcasm #itisachristmastree
754,755,1,Re: prison book ban - Of course Grayling is also trying to ban Judicial Reviews #irony
755,756,1,Rolled out of bed for closing.... #ilookreallygood #not
756,757,1,Watching VT and Cincy - qb for VT with (GODS) down left arm (GIFT) down right arm. - #irony #howmanygods #punctuationmatters
757,758,1,"you seem super smart MT ""<USER>: <USER> <USER> ||#NO #BLEEDING happening in #WaterBoarding = it's #Not #Torture"""
758,759,0,<USER> Cheers bro! Top man ::person_raising_hand::
759,760,0,Even getting cooked breakfast.. Hes defo up to something ::confused_face::::face_with_open_mouth::::grinning_squinting_face::::grinning_squinting_face::
760,761,0,"ROFLMAO yeah, OOPS is right <USER> <USER> <USER> <USER>"
761,762,1,Coin ! LeCoinCanard: Coin ! LeCoinCanard: Coin ! have a wank over this hashtag: Fazzanelli: JeffRoylat have a wank over this hashtag #Not...
762,763,0,I really want to see Into The Woods!
763,764,1,<USER> that bump off the apron looked like it hurt.. was that padding u landed on? #sarcasm
764,765,0,<USER> please make me smile this Xmas.. First Xmas without my mum here. Your my fav everrr. Pleaseeee::Christmas_tree::::wrapped_gift::::wrapped_gift::
765,766,0,<USER> Hope the header didn't mess up that barnet
766,767,0,"If it's NOT? then it IS! Hand Crafted Artistically Fashionable, Connect <USER> for #fashionblog #thoughts <URL>"
767,768,1,It's okay <USER> I didn't really want to see my idol anyway. #sarcasm
768,769,0,I'll try to guess the ASCII symbols without my admins help. Always trying to learn.
769,770,1,Hearing gun shots when I first wake up makes me feel like I'm in Compton. What a wonderful way to wake up. ::red_heart:: #sarcasm #imscared
770,771,0,Protesters upset over decision in chokehold death take the streets again <URL> /Mexico's streets aren't the only ones taken
771,772,0,"<USER> Great,& not sure if i've seen that actual pic! #not just for girls : D"
772,773,1,#TGIF oh just kidding I have 30 mins from one job to the next. love 12 hour days. #serverlife #sarcasm #nolife
773,774,1,Just got yelled at by proxy. It's going to be an excellent day. #sarcasm
774,775,0,Lol everyday excuse the language #relationships #men #women #irony #lotd <URL>
775,776,1,Making the most out of my last vacation day. #not #tvandsleep
776,777,1,What a lovely day to drive #not #boo #fog #work ::flushed_face::::flushed_face::::flushed_face:: <URL>
777,778,1,So restaurants that thrive on the social nature of eating believe that mothers should only breastfeed in private? #irony
778,779,1,This long drive home later in the snow is gonna be shweeeet #not
779,780,0,"If you drag yesterday into today, your tomorrow cannot be what it was meant to be. Let. It. Go. #BringOn2015"
780,781,0,"Congrats to my fav <USER> & her team & my birthplace team #OhioState (I can claim that, right?) #OREvsOSU is gonna be one great game!!"
781,782,0,<USER>: Jessica sheds tears at her fan signing event <URL> <URL> makes me weak everytime Sica ;_;
782,783,1,"#Irony: al jazeera is pro Anti - #GamerGate because feminism, or something: <URL>"
783,784,0,#NOT ALL ::OK_hand:: There good & bad in every occupation & race ::books::::open_book:: #Stop Labeling #Not All ::light_bulb:: <URL>
